{"cameraMode":{"drawMode":0,"name":"Shaded","section":"Shading Mode"},"sceneLighting":false,"audioPlay":false,"sceneViewState":{"showFog":true,"showMaterialUpdate":false,"showSkybox":true,"showFlares":true,"showImageEffects":true,"showParticleSystems":true},"in2DMode":false,"pivot":{"x":11.148333549499512,"y":-138.5372772216797,"z":213.0382537841797},"rotation":{"x":-0.2856886386871338,"y":-0.02299414575099945,"z":0.006855822633951902,"w":-0.9580221176147461},"size":266.0594177246094,"orthographic":false}